region,year,sales,sales_growth
South,2017,38305.4255,37.18999966387837
East,2017,60853.861,31.18683113512504
West,2017,71705.7115,-2.8636403343091144
Central,2017,44522.2712,-12.311441894660058
