region,sales,profit,profit_margin_pct
Central,163797.1638,36237.6812,22.123509564699802
East,208291.204,40649.7366,19.515820072747765
South,117298.684,26615.2553,22.69015677959354
West,252612.7435,36820.8177,14.575993748312225
